<?xml version="1.0" encoding="UTF-8"?>
<project-private xmlns="http://www.netbeans.org/ns/project-private/1">
    <editor-bookmarks xmlns="http://www.netbeans.org/ns/editor-bookmarks/2" lastBookmarkId="0"/>
    <open-files xmlns="http://www.netbeans.org/ns/projectui-open-files/2">
        <group>
            <file>file:/C:/Users/DELL/Documents/NetBeansProjects/ProyectoMandago/src/gerente/cafe/mandago/FormularioGerente.java</file>
            <file>file:/C:/Users/DELL/Documents/NetBeansProjects/ProyectoMandago/src/login/cafe/mandago/Login.java</file>
            <file>file:/C:/Users/DELL/Documents/NetBeansProjects/ProyectoMandago/src/empleados/cafe/mandango/FormularioEmplea.java</file>
        </group>
    </open-files>
</project-private>
